K,topic_id,words
5,0,"trump, fuck, doctor, glove, traitor, dhoni, #fucktrump, #trumpisatraitor, icc, #shameonicc"
5,1,"trump, doctor, fuck, #fucktrump, traitor, glove, dhoni, #trumpisatraitor, back, icc"
5,2,"trump, fuck, doctor, traitor, #fucktrump, glove, #trumpisatraitor, icc, back, dhoni"
5,3,"trump, fuck, doctor, glove, dhoni, #fucktrump, traitor, icc, #trumpisatraitor, back"
5,4,"trump, fuck, doctor, #fucktrump, traitor, dhoni, glove, #trumpisatraitor, icc, back"
8,0,"trump, doctor, fuck, dhoni, traitor, icc, #fucktrump, #trumpisatraitor, back, glove"
8,1,"trump, fuck, doctor, #fucktrump, dhoni, traitor, icc, back, fight, shame"
8,2,"trump, doctor, dhoni, fuck, icc, traitor, #fucktrump, glove, back, fight"
8,3,"trump, fuck, dhoni, doctor, traitor, #fucktrump, icc, #trumpisatraitor, shame, back"
8,4,"trump, doctor, fuck, #fucktrump, dhoni, traitor, icc, back, fight, #trumpisatraitor"
8,5,"trump, doctor, fuck, traitor, dhoni, #fucktrump, back, fight, #trumpisatraitor, icc"
8,6,"trump, fuck, dhoni, doctor, #fucktrump, traitor, icc, #trumpisatraitor, back, glove"
8,7,"trump, doctor, fuck, #fucktrump, dhoni, traitor, icc, back, boris, fight"
10,0,"trump, doctor, fuck, traitor, #fucktrump, #trumpisatraitor, icc, back, day, fight"
10,1,"trump, doctor, fuck, icc, #fucktrump, traitor, shame, back, #trumpisatraitor, fight"
10,2,"trump, doctor, fuck, #fucktrump, back, traitor, icc, fight, #doctorsfightback, #trumpisatraitor"
10,3,"trump, doctor, fuck, #fucktrump, traitor, #trumpisatraitor, back, icc, fight, #doctorsfightback"
10,4,"trump, doctor, fuck, #fucktrump, traitor, icc, #trumpisatraitor, back, fight, shame"
10,5,"trump, fuck, doctor, #fucktrump, icc, traitor, #trumpisatraitor, back, boris, #dhonikeepstheglove"
10,6,"trump, doctor, fuck, #fucktrump, traitor, icc, #trumpisatraitor, day, back, boris"
10,7,"trump, doctor, fuck, #fucktrump, traitor, icc, #trumpisatraitor, back, fight, #doctorsfightback"
10,8,"trump, fuck, doctor, traitor, #fucktrump, icc, #trumpisatraitor, day, back, fight"
10,9,"trump, doctor, fuck, #fucktrump, traitor, #trumpisatraitor, icc, back, fight, #doctorsfightback"
12,0,"trump, doctor, fuck, traitor, dhoni, #fucktrump, #trumpisatraitor, icc, day, back"
12,1,"trump, dhoni, doctor, fuck, #fucktrump, traitor, icc, glove, #trumpisatraitor, day"
12,2,"trump, doctor, fuck, dhoni, #fucktrump, traitor, icc, glove, #trumpisatraitor, back"
12,3,"trump, doctor, dhoni, fuck, icc, traitor, #fucktrump, #trumpisatraitor, glove, back"
12,4,"trump, doctor, fuck, dhoni, traitor, back, #fucktrump, icc, fight, #trumpisatraitor"
12,5,"trump, doctor, fuck, #fucktrump, traitor, dhoni, icc, #trumpisatraitor, back, fight"
12,6,"trump, doctor, fuck, icc, traitor, #fucktrump, dhoni, #trumpisatraitor, back, fight"
12,7,"trump, doctor, fuck, traitor, #fucktrump, dhoni, back, icc, #trumpisatraitor, fight"
12,8,"trump, doctor, dhoni, fuck, #fucktrump, glove, icc, back, fight, traitor"
12,9,"trump, fuck, doctor, dhoni, #fucktrump, icc, traitor, back, #trumpisatraitor, day"
12,10,"trump, doctor, fuck, #fucktrump, traitor, dhoni, #trumpisatraitor, icc, back, fight"
12,11,"trump, fuck, #fucktrump, doctor, dhoni, traitor, icc, #trumpisatraitor, glove, back"
15,0,"trump, fuck, doctor, #fucktrump, traitor, #trumpisatraitor, johnson, shame, pm, dhoni"
15,1,"trump, doctor, fuck, #fucktrump, traitor, #trumpisatraitor, johnson, day, #douchebag, shame"
15,2,"trump, doctor, fuck, traitor, #fucktrump, #trumpisatraitor, shame, dhoni, johnson, pm"
15,3,"trump, doctor, fuck, #fucktrump, traitor, #trumpisatraitor, johnson, shame, dhoni, day"
15,4,"trump, doctor, fuck, traitor, #fucktrump, shame, #trumpisatraitor, dhoni, johnson, icc"
15,5,"trump, fuck, #fucktrump, doctor, traitor, #trumpisatraitor, shame, johnson, day, pm"
15,6,"trump, doctor, fuck, #fucktrump, traitor, johnson, shame, #trumpisatraitor, dhoni, pm"
15,7,"trump, doctor, traitor, fuck, #trumpisatraitor, #fucktrump, johnson, dhoni, shame, day"
15,8,"trump, doctor, fuck, #fucktrump, traitor, #trumpisatraitor, johnson, shame, day, dhoni"
15,9,"trump, doctor, fuck, #fucktrump, traitor, #trumpisatraitor, day, shame, johnson, pm"
15,10,"trump, fuck, doctor, #fucktrump, traitor, #trumpisatraitor, shame, dhoni, johnson, pm"
15,11,"trump, doctor, fuck, traitor, #fucktrump, #trumpisatraitor, shame, dhoni, icc, johnson"
15,12,"trump, doctor, fuck, #fucktrump, traitor, #trumpisatraitor, johnson, dhoni, shame, #dickhead"
15,13,"trump, doctor, fuck, #fucktrump, traitor, #trumpisatraitor, dhoni, johnson, pm, shame"
15,14,"trump, doctor, fuck, #fucktrump, traitor, #trumpisatraitor, johnson, day, shame, dhoni"
20,0,"trump, dhoni, doctor, icc, #trumpisatraitor, fuck, back, traitor, glove, #douchebag"
20,1,"trump, doctor, icc, fuck, dhoni, #trumpisatraitor, back, #murderer, murderer, traitor"
20,2,"trump, doctor, dhoni, icc, fuck, #trumpisatraitor, back, traitor, #fucktrump, johnson"
20,3,"trump, doctor, dhoni, fuck, back, #trumpisatraitor, icc, traitor, #fucktrump, nrsmch"
20,4,"trump, doctor, icc, dhoni, back, fuck, #trumpisatraitor, traitor, #fucktrump, resignation"
20,5,"trump, doctor, icc, dhoni, #trumpisatraitor, back, fuck, traitor, natural, verse"
20,6,"trump, doctor, dhoni, #trumpisatraitor, icc, back, traitor, #fucktrump, oral, impeach"
20,7,"trump, doctor, dhoni, icc, #trumpisatraitor, fuck, back, traitor, america, vote"
20,8,"trump, doctor, dhoni, icc, back, fuck, #trumpisatraitor, traitor, #unfollowtrump, tournament"
20,9,"trump, dhoni, doctor, icc, #trumpisatraitor, fuck, back, traitor, #cwc, #trump"
20,10,"trump, doctor, dhoni, #trumpisatraitor, icc, back, fuck, traitor, #fucktrump, mccain"
20,11,"trump, doctor, dhoni, icc, back, #trumpisatraitor, fuck, traitor, balidan, #fucktrump"
20,12,"trump, doctor, dhoni, icc, back, fuck, #trumpisatraitor, #fucktrump, traitor, law"
20,13,"trump, doctor, dhoni, icc, #trumpisatraitor, back, fuck, traitor, #fucktrump, put"
20,14,"trump, doctor, dhoni, icc, #trumpisatraitor, fuck, back, traitor, fucking, #fucktrump"
20,15,"trump, doctor, #trumpisatraitor, icc, back, dhoni, traitor, fuck, projection, russians"
20,16,"trump, doctor, dhoni, icc, #trumpisatraitor, back, douchebag, #douchebag, fuck, traitor"
20,17,"trump, doctor, icc, #trumpisatraitor, dhoni, back, shame, #shameonicc, fuck, impeach"
20,18,"trump, doctor, dhoni, icc, fuck, #dickhead, dickhead, back, #trumpisatraitor, #fucktrump"
20,19,"trump, icc, dhoni, doctor, #trumpisatraitor, fuck, back, traitor, #fucktrump, india"